Model,Test_Accuracy,Test_F1,CV_F1
LogisticRegression,0.9107142857142857,0.8075601374570447,0.9543873153167445
RandomForest,0.9821428571428571,0.9564879564879565,0.9946443036083904
XGBoost,1.0,1.0,1.0
SVM,0.9821428571428571,0.961512027491409,0.9624494829666584
ANN,0.7678571428571429,0.5880022637238257,0.7772624439393642
