,precision,recall,f1-score,support
False,0.8858447488584474,0.8838268792710706,0.8848346636259977,439.0
True,0.5096153846153846,0.5145631067961165,0.5120772946859904,103.0
accuracy,0.8136531365313653,0.8136531365313653,0.8136531365313653,0.8136531365313653
macro avg,0.697730066736916,0.6991949930335936,0.6984559791559941,542.0
weighted avg,0.8143472866498949,0.8136531365313653,0.8139970086429336,542.0
