,precision,recall,f1-score,support
0,0.9038461538461539,1.0,0.9494949494949495,47.0
1,1.0,0.4444444444444444,0.6153846153846154,9.0
accuracy,0.9107142857142857,0.9107142857142857,0.9107142857142857,0.9107142857142857
macro avg,0.9519230769230769,0.7222222222222222,0.7824397824397824,56.0
weighted avg,0.9192994505494506,0.9107142857142857,0.8957986457986459,56.0
