,precision,recall,f1-score,support
0,1.0,0.5531914893617021,0.7123287671232876,47.0
1,0.3,1.0,0.46153846153846156,9.0
accuracy,0.625,0.625,0.625,0.625
macro avg,0.65,0.7765957446808511,0.5869336143308745,56.0
weighted avg,0.8875000000000001,0.625,0.6720231822971549,56.0
