,precision,recall,f1-score,support
0,0.9444444444444444,0.723404255319149,0.8192771084337349,47.0
1,0.35,0.7777777777777778,0.4827586206896552,9.0
accuracy,0.7321428571428571,0.7321428571428571,0.7321428571428571,0.7321428571428571
macro avg,0.6472222222222221,0.7505910165484634,0.6510178645616951,56.0
weighted avg,0.84890873015873,0.7321428571428571,0.7651937800462935,56.0
