,precision,recall,f1-score,support
0,0.9782608695652174,0.9574468085106383,0.967741935483871,47.0
1,0.8,0.8888888888888888,0.8421052631578947,9.0
accuracy,0.9464285714285714,0.9464285714285714,0.9464285714285714,0.9464285714285714
macro avg,0.8891304347826088,0.9231678486997636,0.9049235993208828,56.0
weighted avg,0.9496118012422361,0.9464285714285714,0.9475503274314819,56.0
