,precision,recall,f1-score,support
False,0.9319526627218935,0.7175398633257403,0.8108108108108109,439.0
True,0.39215686274509803,0.7766990291262136,0.5211726384364821,103.0
accuracy,0.7287822878228782,0.7287822878228782,0.7287822878228782,0.7287822878228782
macro avg,0.6620547627334957,0.7471194462259769,0.6659917246236464,542.0
weighted avg,0.8293715420620965,0.7287822878228782,0.7557688703042503,542.0
