,precision,recall,f1-score,support
0,0.9534883720930233,0.8723404255319149,0.9111111111111111,47.0
1,0.5384615384615384,0.7777777777777778,0.6363636363636364,9.0
accuracy,0.8571428571428571,0.8571428571428571,0.8571428571428571,0.8571428571428571
macro avg,0.7459749552772809,0.8250591016548463,0.7737373737373737,56.0
weighted avg,0.8867876309736775,0.8571428571428571,0.8669552669552669,56.0
