,precision,recall,f1-score,support
False,0.8913043478260869,0.8405466970387244,0.8651817116060961,439.0
True,0.453125,0.5631067961165048,0.5021645021645021,103.0
accuracy,0.7878228782287823,0.7878228782287823,0.7878228782287823,0.7878228782287823
macro avg,0.6722146739130435,0.7018267465776147,0.6836731068852991,542.0
weighted avg,0.8080341027595058,0.7878228782287823,0.7961950463432103,542.0
