,precision,recall,f1-score,support
0,0.9166666666666666,0.9361702127659575,0.9263157894736842,47.0
1,0.625,0.5555555555555556,0.5882352941176471,9.0
accuracy,0.875,0.875,0.875,0.875
macro avg,0.7708333333333333,0.7458628841607565,0.7572755417956656,56.0
weighted avg,0.8697916666666666,0.875,0.8719814241486068,56.0
