,precision,recall,f1-score,support
0,0.9545454545454546,0.8936170212765957,0.9230769230769231,47.0
1,0.5833333333333334,0.7777777777777778,0.6666666666666666,9.0
accuracy,0.875,0.875,0.875,0.875
macro avg,0.768939393939394,0.8356973995271868,0.7948717948717949,56.0
weighted avg,0.8948863636363636,0.875,0.881868131868132,56.0
