model,accuracy,macro_f1
LogisticRegression,0.7287822878228782,0.6659917246236464
RandomForest,0.8800738007380073,0.8044895807319848
XGBoost,0.8911439114391144,0.818425460636516
ANN,0.8136531365313653,0.6984559791559941
SVM,0.7878228782287823,0.6836731068852991
KNN,0.6512915129151291,0.5982114490792493
Stacked,0.8579335793357934,0.7400382461582544
