,precision,recall,f1-score,support
False,0.9166666666666666,0.6264236902050114,0.7442489851150202,439.0
True,0.32231404958677684,0.7572815533980582,0.45217391304347826,103.0
accuracy,0.6512915129151291,0.6512915129151291,0.6512915129151291,0.6512915129151291
macro avg,0.6194903581267217,0.6918526218015348,0.5982114490792493,542.0
weighted avg,0.803717737590599,0.6512915129151291,0.6887439437434911,542.0
