,precision,recall,f1-score,support
False,0.9260089686098655,0.9407744874715261,0.9333333333333333,439.0
True,0.7291666666666666,0.6796116504854369,0.7035175879396985,103.0
accuracy,0.8911439114391144,0.8911439114391144,0.8911439114391144,0.8911439114391144
macro avg,0.827587817638266,0.8101930689784815,0.818425460636516,542.0
weighted avg,0.8886016676870804,0.8911439114391144,0.8896598614227349,542.0
