,precision,recall,f1-score,support
False,0.9086161879895561,0.7927107061503417,0.8467153284671532,439.0
True,0.4276729559748428,0.6601941747572816,0.5190839694656488,103.0
accuracy,0.7675276752767528,0.7675276752767528,0.7675276752767528,0.7675276752767528
macro avg,0.6681445719821995,0.7264524404538116,0.682899648966401,542.0
weighted avg,0.8172192269240295,0.7675276752767528,0.7844532805388231,542.0
