,precision,recall,f1-score,support
False,0.8867521367521367,0.9453302961275627,0.9151047409040793,439.0
True,0.6756756756756757,0.4854368932038835,0.5649717514124294,103.0
accuracy,0.8579335793357934,0.8579335793357934,0.8579335793357934,0.8579335793357934
macro avg,0.7812139062139062,0.7153835946657231,0.7400382461582544,542.0
weighted avg,0.8466398203483073,0.8579335793357934,0.8485665528641533,542.0
