,precision,recall,f1-score,support
0,0.9356223175965666,0.923728813559322,0.929637526652452,236.0
1,0.6086956521739131,0.6511627906976745,0.6292134831460674,43.0
accuracy,0.8817204301075269,0.8817204301075269,0.8817204301075269,0.8817204301075269
macro avg,0.7721589848852398,0.7874458021284982,0.7794255048992598,279.0
weighted avg,0.8852357705959425,0.8817204301075269,0.883335613137131,279.0
