,precision,recall,f1-score,support
0,0.943127962085308,0.8432203389830508,0.8903803131991052,236.0
1,0.45588235294117646,0.7209302325581395,0.5585585585585585,43.0
accuracy,0.8243727598566308,0.8243727598566308,0.8243727598566308,0.8243727598566308
macro avg,0.6995051575132423,0.7820752857705952,0.7244694358788318,279.0
weighted avg,0.8680327606759974,0.8243727598566308,0.8392393259247556,279.0
