,precision,recall,f1-score,support
0,0.9510204081632653,0.9872881355932204,0.9688149688149689,236.0
1,0.9117647058823529,0.7209302325581395,0.8051948051948052,43.0
accuracy,0.946236559139785,0.946236559139785,0.946236559139785,0.946236559139785
macro avg,0.9313925570228091,0.8541091840756799,0.887004887004887,279.0
weighted avg,0.9449702461629813,0.946236559139785,0.9435975242426856,279.0
