,precision,recall,f1-score,support
0,0.9872340425531915,0.9830508474576272,0.9851380042462845,236.0
1,0.9090909090909091,0.9302325581395349,0.9195402298850575,43.0
accuracy,0.974910394265233,0.974910394265233,0.974910394265233,0.974910394265233
macro avg,0.9481624758220503,0.956641702798581,0.952339117065671,279.0
weighted avg,0.9751904771808684,0.974910394265233,0.9750279530006474,279.0
