match_id,player_id,position_name,minute,Own Goal For,Own Goal Against,label,match_id,player_id,true,prob,pred
16010,6393,Left Center Forward,3726,0,0,0,16010,6393,0,0.8569643135207251,1
16010,6391,Right Center Forward,6454,0,0,0,16010,6391,0,0.8045147043564783,1
16029,6825,Center Back,5088,0,0,0,16029,6825,0,0.8001541432923786,1
16010,6789,Left Back,3017,0,0,0,16010,6789,0,0.7334003789299478,1
