match_id,player_id,position_name,minute,Own Goal For,Own Goal Against,label,match_id,player_id,true,prob,pred
16010,6393,Left Center Forward,3726,0,0,0,16010,6393,0,0.8516655129502696,1
16010,6391,Right Center Forward,6454,0,0,0,16010,6391,0,0.800024661318011,1
16029,6825,Center Back,5088,0,0,0,16029,6825,0,0.7957594418410172,1
16010,6789,Left Back,3017,0,0,0,16010,6789,0,0.7308494374109967,1
