,precision,recall,f1-score,support
False,0.9306569343065694,0.5808656036446469,0.7152875175315568,439.0
True,0.31343283582089554,0.8155339805825242,0.4528301886792453,103.0
accuracy,0.6254612546125461,0.6254612546125461,0.6254612546125461,0.6254612546125461
macro avg,0.6220448850637325,0.6981997921135856,0.5840588531054011,542.0
weighted avg,0.8133615797972992,0.6254612546125461,0.6654109402773353,542.0
