,precision,recall,f1-score,support
False,0.925,0.9271070615034168,0.926052332195677,439.0
True,0.6862745098039216,0.6796116504854369,0.6829268292682927,103.0
accuracy,0.8800738007380073,0.8800738007380073,0.8800738007380073,0.8800738007380073
macro avg,0.8056372549019608,0.8033593559944269,0.8044895807319848,542.0
weighted avg,0.8796333478040663,0.8800738007380073,0.8798495152187017,542.0
