,accuracy,f1_macro
LogisticRegression,0.8571428571428571,0.6266666666666667
RandomForest,0.9642857142857143,0.9270833333333333
SVM,0.8214285714285714,0.45098039215686275
MLP,0.8035714285714286,0.44554455445544555
XGBoost,1.0,1.0
