,precision,recall,f1-score,support
0,0.8679245283018868,0.9787234042553191,0.92,47.0
1,0.6666666666666666,0.2222222222222222,0.3333333333333333,9.0
accuracy,0.8571428571428571,0.8571428571428571,0.8571428571428571,0.8571428571428571
macro avg,0.7672955974842768,0.6004728132387707,0.6266666666666667,56.0
weighted avg,0.8355795148247979,0.8571428571428571,0.8257142857142857,56.0
