,precision,recall,f1-score,support
0,0.8333333333333334,0.9574468085106383,0.8910891089108911,47.0
1,0.0,0.0,0.0,9.0
accuracy,0.8035714285714286,0.8035714285714286,0.8035714285714286,0.8035714285714286
macro avg,0.4166666666666667,0.4787234042553192,0.44554455445544555,56.0
weighted avg,0.699404761904762,0.8035714285714286,0.747878359264498,56.0
