,precision,recall,f1-score,support
0,0.9591836734693877,1.0,0.9791666666666666,47.0
1,1.0,0.7777777777777778,0.875,9.0
accuracy,0.9642857142857143,0.9642857142857143,0.9642857142857143,0.9642857142857143
macro avg,0.9795918367346939,0.8888888888888888,0.9270833333333333,56.0
weighted avg,0.9657434402332361,0.9642857142857143,0.9624255952380951,56.0
