,precision,recall,f1-score,support
0,0.8363636363636363,0.9787234042553191,0.9019607843137255,47.0
1,0.0,0.0,0.0,9.0
accuracy,0.8214285714285714,0.8214285714285714,0.8214285714285714,0.8214285714285714
macro avg,0.41818181818181815,0.48936170212765956,0.45098039215686275,56.0
weighted avg,0.7019480519480519,0.8214285714285714,0.7570028011204482,56.0
