,accuracy,f1_macro
XGBoost,1.0,1.0
RandomForest,0.9642857142857143,0.9270833333333333
MLP,0.8214285714285714,0.5918367346938775
LogisticRegression,0.9107142857142857,0.8075601374570447
SVM,0.8392857142857143,0.4563106796116505
