Model,Mean F1,Mean Accuracy
LogisticRegression,0.8938502487788907,0.95
RandomForest,0.9773912779565194,0.9892857142857142
XGBoost,1.0,1.0
SVM,0.9033739552311687,0.9535714285714286
ANN,0.6445052969133102,0.7492063492063493
