Model,Accuracy,Macro_F1,ROC_AUC,Best_Threshold
RandomForest,0.875,0.7948717948717949,0.8262411347517731,0.04761358533812393
LogisticRegression,0.8571428571428571,0.7737373737373737,0.8215130023640662,0.16666666666666666
SVM,0.7321428571428571,0.6510178645616951,0.7541371158392435,0.3004751084599326
ANN,0.625,0.5869336143308745,0.7801418439716312,0.24570912375790424
XGBoost,0.875,0.7572755417956656,0.7978723404255319,0.16666666666666666
