,Accuracy,F1_macro,CV_F1
LogisticRegression,0.9107142857142857,0.8075601374570447,0.8984790562905152
RandomForest,0.9642857142857143,0.9270833333333333,0.9504628704628704
SVM,0.875,0.7305841924398626,0.8819630486472592
MLP,0.8392857142857143,0.6536082474226804,0.7981563713833805
XGBoost,1.0,1.0,1.0
