,accuracy,f1_macro,val_f1_cv
LogisticRegression,0.8928571428571429,0.78125,0.8806335811202853
RandomForest,0.9464285714285714,0.8959752321981425,0.9257692307692308
SVM,0.8392857142857143,0.6879256965944273,0.8868686093048147
MLP,0.8392857142857143,0.6536082474226804,0.7914743837478679
XGBoost,1.0,1.0,1.0
