Model,Accuracy,Macro_F1,ROC_AUC,Best_Threshold
XGBoost (Reduced),0.7321428571428571,0.6777905638665132,0.8912529550827424,0.023809524873892467
RandomForest (Reduced),0.875,0.7781550650820599,0.7943262411347518,0.0868347338935574
LogisticRegression (Reduced),0.7857142857142857,0.7142857142857142,0.8569739952718677,0.047619047619047616
