,accuracy,f1_macro,val_f1_cv
LogisticRegression,0.9107142857142857,0.7824397824397824,0.9608393798991752
RandomForest,0.9464285714285714,0.8845360824742268,0.9528786231884058
MLP,0.8392857142857143,0.4563106796116505,0.5945657193387496
