,accuracy,f1_macro,val_f1_cv
LogisticRegression,0.8571428571428571,0.6266666666666667,0.8046502263168931
RandomForest,0.9285714285714286,0.8367346938775511,0.9331322011322012
SVM,0.8928571428571429,0.72,0.7958646573794199
MLP,0.8035714285714286,0.44554455445544555,0.733723199756955
XGBoost,1.0,1.0,1.0
