,accuracy,f1_macro,val_f1_cv
LogisticRegression,0.9107142857142857,0.7824397824397824,0.9608393798991752
RandomForest,0.9642857142857143,0.9270833333333333,0.9442094894388201
MLP,0.8392857142857143,0.5463546354635463,0.6426124884469013
