,accuracy,f1_macro,val_f1_cv
LogisticRegression,0.8571428571428571,0.6266666666666667,0.8046502263168931
RandomForest,0.9464285714285714,0.8845360824742268,0.9222509393781879
SVM,0.8928571428571429,0.72,0.7958646573794199
MLP,0.8392857142857143,0.5463546354635463,0.7375097790448668
XGBoost,1.0,1.0,1.0
