Model,Mean_Accuracy,Mean_Macro_F1
XGBoost,1.0,1.0
RandomForest,0.9857142857142858,0.9660736918881028
SVM,0.8925925925925926,0.8043075191049143
LogisticRegression,0.8388888888888889,0.7371545938220719
ANN,0.7456349206349207,0.6340826222147403
